{
    "29b9556f-7faf-41df-b937-6869a2036a13": 1782791577.5627358,
    "fa63d66d-8277-4efd-9d1e-463db114d500": 1782768477.40602,
    "78ae21de-95f1-4d86-988a-183484b3c317": 1782813160.1912951,
    "2c754c05-0510-47b0-82a9-27f108eef10d": 1782768477.40602,
    "6af733a6-09af-4a06-8794-c619361846fc": 1782806153.8991194
}