{
    "29b9556f-7faf-41df-b937-6869a2036a13": 1782814702.550372,
    "6af733a6-09af-4a06-8794-c619361846fc": 1782814702.550372
}