{
    "29b9556f-7faf-41df-b937-6869a2036a13": 1782754971.120229,
    "fa63d66d-8277-4efd-9d1e-463db114d500": 1782754971.120229,
    "6af733a6-09af-4a06-8794-c619361846fc": 1782754971.120229,
    "2c754c05-0510-47b0-82a9-27f108eef10d": 1782754971.120229
}